"db","outcome","estimate_context","n_pairs","rate_trt","rate_ctl","rr","rr_ci_lo","rr_ci_hi","evalue_point","evalue_ci_near_null","dr_rd","dr_rd_ci_lo","dr_rd_ci_hi","note"
"MIMIC","aki1_48h","matched_rate_rr",4690,0.353518123667377,0.251599147121535,1.40508473427165,1.31964951798807,1.49605109809245,2.15952384792601,1.96913033551703,0.122746730827495,0.104807625879478,0.140685835775512,"RR is treated/control observed matched rate; HC1 log-link CI. Frozen DR OR is not treated as an RR."
"MIMIC","aki1_48h","dr_rd_implied_rr",4690,0.37434587794903,0.251599147121535,1.48786624371267,1.41656590285996,1.55916658456538,2.33985199210696,2.18474104843907,0.122746730827495,0.104807625879478,0.140685835775512,"Context only: treated risk is matched control rate plus frozen DR RD; CI is the DR RD CI mapped onto that control rate."
"MIMIC","aki1_7d","matched_rate_rr",4202,0.398381722989053,0.288910042836744,1.37891268023625,1.29826902650141,1.46456561845293,2.10174564813414,1.9205498623557,0.118912184984702,0.099323048230009,0.138501321739396,"RR is treated/control observed matched rate; HC1 log-link CI. Frozen DR OR is not treated as an RR."
"MIMIC","aki1_7d","dr_rd_implied_rr",4202,0.407822227821446,0.288910042836744,1.41158896318428,1.34378537781095,1.47939254855761,2.17381887456234,2.02347189658823,0.118912184984702,0.099323048230009,0.138501321739396,"Context only: treated risk is matched control rate plus frozen DR RD; CI is the DR RD CI mapped onto that control rate."
