"db","outcome","estimate_context","n_pairs","rate_trt","rate_ctl","rr","rr_ci_lo","rr_ci_hi","evalue_point","evalue_ci_near_null","dr_rd","dr_rd_ci_lo","dr_rd_ci_hi","note"
"EICU","aki1_48h","matched_rate_rr",1887,0.240593534711182,0.223635400105988,1.07582937899732,0.957815831725431,1.20838350586539,1.36145058569674,1,0.0338616543132497,0.00723895577594588,0.0604843528505535,"RR is treated/control observed matched rate; HC1 log-link CI. Frozen DR OR is not treated as an RR."
"EICU","aki1_48h","dr_rd_implied_rr",1887,0.257497054419238,0.223635400105988,1.15141455376565,1.03236945390808,1.27045965362321,1.56895607368635,1.2151732707566,0.0338616543132497,0.00723895577594588,0.0604843528505535,"Context only: treated risk is matched control rate plus frozen DR RD; CI is the DR RD CI mapped onto that control rate."
"EICU","aki1_7d","matched_rate_rr",1815,0.267217630853994,0.243526170798898,1.09728506325574,0.9817163329107,1.22645867210368,1.42401040171055,1,0.0380006752370482,0.00984169990646528,0.0661596505676311,"RR is treated/control observed matched rate; HC1 log-link CI. Frozen DR OR is not treated as an RR."
"EICU","aki1_7d","dr_rd_implied_rr",1815,0.281526846035946,0.243526170798898,1.15604349673132,1.04041331522677,1.27167367823586,1.58077054979417,1.24546587257341,0.0380006752370482,0.00984169990646528,0.0661596505676311,"Context only: treated risk is matched control rate plus frozen DR RD; CI is the DR RD CI mapped onto that control rate."
