"db","analysis","outcome","events_trt","events_ctl","sparse_lt20","n_treated","n_control","ess_total","ess_treated","ess_control","max_weighted_smd","n_weighted_viol","mice_m","mice_logged_events","n","rate_trt","rate_ctl","or","or_ci_lo","or_ci_hi","or_p","rd","rd_ci_lo","rd_ci_hi","rd_p"
"MIMIC","stabilized_iptw_ate","aki1_48h",1920,1529,FALSE,5428,6818,3142.13895272955,925.587607232525,2943.72798062415,0.155467936185391,1,20,200,12246,0.378302908096171,0.238439926486256,1.94350665358865,1.65795860679449,2.27823426776996,2.48416059851966e-16,0.139862981609915,0.10466644545382,0.175059517766009,7.32090154989284e-15
"MIMIC","stabilized_iptw_ate","aki2_48h",263,156,FALSE,5428,6818,3142.13895272955,925.587607232525,2943.72798062415,0.155467936185391,1,20,200,12246,0.0455900977920777,0.0271820410895151,1.70956296888816,1.25482896762754,2.32908676799148,0.000676931801350177,0.0184080567025626,0.0077087096132381,0.0291074037918871,0.000748150255351306
"MIMIC","stabilized_iptw_ate","aki1_7d",2142,1773,FALSE,5428,6818,3142.13895272955,925.587607232525,2943.72798062415,0.155467936185391,1,20,200,12246,0.42504969339495,0.275471876355995,1.94440790507725,1.66216820747601,2.27457250374672,9.55936692283396e-17,0.149577817038956,0.113012497053106,0.186143137024806,1.17427980794738e-15
"MIMIC","stabilized_iptw_ate","aki2_7d",456,285,FALSE,5428,6818,3142.13895272955,925.587607232525,2943.72798062415,0.155467936185391,1,20,200,12246,0.0824025467107651,0.0494383747778806,1.72665084524424,1.31929471704501,2.25978555273857,6.93948224545282e-05,0.0329641719328845,0.015471574650432,0.0504567692153371,0.000222107453746408
