"db","horizon","death_definition","method","events_trt","events_ctl","sparse_lt20","n","rate_trt","rate_ctl","or","or_ci_lo","or_ci_hi","or_p","rd","rd_ci_lo","rd_ci_hi","rd_p"
"MIMIC","7d","current_deathtime","psm",67,86,FALSE,5428,0.012343404568902,0.0158437730287399,0.77630865467011,0.56278367685432,1.07084684951109,0.122854534833643,-0.0035003684598379,-0.00793514688921368,0.000934409969537889,0.121885878103686
"MIMIC","7d","current_deathtime","dr",67,86,FALSE,5428,0.012343404568902,0.0158437730287399,1.40962218275934,0.990001815922837,2.00710207412597,0.0568756705797554,0.00289522434801811,-0.00154626340112715,0.00733671209716338,0.201402353055542
"MIMIC","7d","patients_dod_calendar","psm",71,100,FALSE,5428,0.0130803242446573,0.0184229918938836,0.706156430838793,0.519713482900326,0.959484256656506,0.0261193212358893,-0.00534266764922625,-0.0100265574624413,-0.000658777836011239,0.0253936920912319
"MIMIC","7d","patients_dod_calendar","dr",71,100,FALSE,5428,0.0130803242446573,0.0184229918938836,1.25813186403587,0.899596716507006,1.75956154380878,0.179678365466915,0.00166557783154215,-0.00297285655891947,0.00630401222200377,0.481572112616634
"MIMIC","7d","combined_deathtime_or_dod","psm",71,100,FALSE,5428,0.0130803242446573,0.0184229918938836,0.706156430838793,0.519713482900326,0.959484256656506,0.0261193212358893,-0.00534266764922625,-0.0100265574624413,-0.000658777836011239,0.0253936920912319
"MIMIC","7d","combined_deathtime_or_dod","dr",71,100,FALSE,5428,0.0130803242446573,0.0184229918938836,1.25813186403587,0.899596716507006,1.75956154380878,0.179678365466915,0.00166557783154215,-0.00297285655891947,0.00630401222200377,0.481572112616634
