"db","missing_post_rule","outcome","method","events_trt","events_ctl","sparse_lt20","n","rate_trt","rate_ctl","or","or_ci_lo","or_ci_hi","or_p","rd","rd_ci_lo","rd_ci_hi","rd_p"
"MIMIC","drop_pair_if_either_arm_missing","aki1_48h","psm",1656,1177,FALSE,4679,0.353921778157726,0.251549476383843,1.62990339427822,1.49084078495989,1.78193748217798,6.8477422473732e-27,0.102372301773883,0.0838685687648519,0.120876034782914,3.09976609159859e-27
"MIMIC","drop_pair_if_either_arm_missing","aki1_48h","dr",1656,1177,FALSE,4679,0.353921778157726,0.251549476383843,1.88799549559518,1.71785095519455,2.07499200126125,1.01234665961101e-39,0.123340241919715,0.105378156826291,0.141302327013138,6.56663582688728e-41
"MIMIC","drop_pair_if_either_arm_missing","aki2_48h","psm",234,134,FALSE,4679,0.0500106860440265,0.0286385979910237,1.785554790691,1.43818799033916,2.216821397464,1.50364987367102e-07,0.0213720880530026,0.0135069868774284,0.0292371892285768,1.02746895745268e-07
"MIMIC","drop_pair_if_either_arm_missing","aki2_48h","dr",234,134,FALSE,4679,0.0500106860440265,0.0286385979910237,1.96075490375509,1.57902797864997,2.43476356630909,1.09324021522485e-09,0.0237703814762536,0.0159709980934517,0.0315697648590556,2.40627197466281e-09
"MIMIC","drop_pair_if_either_arm_missing","aki1_7d","psm",1673,1213,FALSE,4196,0.398713060057197,0.28908484270734,1.63068900492759,1.48889136119102,1.78599104011496,5.9116093450453e-26,0.109628217349857,0.0894354957251976,0.129820938974516,2.82255248826862e-26
"MIMIC","drop_pair_if_either_arm_missing","aki1_7d","dr",1673,1213,FALSE,4196,0.398713060057197,0.28908484270734,1.76582159580051,1.60644760055701,1.94100691931334,4.82187383548396e-32,0.1193365504109,0.0997359439320055,0.138937156889794,1.45540916923584e-32
"MIMIC","drop_pair_if_either_arm_missing","aki2_7d","psm",347,202,FALSE,4196,0.082697807435653,0.048141086749285,1.78253575579529,1.49032508029398,2.13204069548498,2.48625080409307e-10,0.0345567206863678,0.0240006089914356,0.0451128323813001,1.47191403721034e-10
"MIMIC","drop_pair_if_either_arm_missing","aki2_7d","dr",347,202,FALSE,4196,0.082697807435653,0.048141086749285,1.92402623813503,1.60494520614491,2.30654414297667,1.50937112013757e-12,0.0372105582472672,0.0267817022617764,0.0476394142327579,2.88980099192372e-12
